objname,ra2000,de2000,t,type,logd25,d25,bt,incl,ned_v_helio,ned_v_corr,ned_dist_z_corr,ned_dist_0,hyperleda_v_helio,hyperleda_dist_z_helio,hyperleda_dist_0,dist_best,name,ra,dec,semimaj_arcsec,axial_ratio,pos_angle,global_flag,GALEX_FUV,GALEX_FUV_err,GALEX_FUV_flag,GALEX_NUV,GALEX_NUV_err,GALEX_NUV_flag,SDSS_u,SDSS_u_err,SDSS_u_flag,SDSS_g,SDSS_g_err,SDSS_g_flag,SDSS_r,SDSS_r_err,SDSS_r_flag,SDSS_i,SDSS_i_err,SDSS_i_flag,SDSS_z,SDSS_z_err,SDSS_z_flag,2MASS_J,2MASS_J_err,2MASS_J_flag,2MASS_H,2MASS_H_err,2MASS_H_flag,2MASS_Ks,2MASS_Ks_err,2MASS_Ks_flag,WISE_3.4,WISE_3.4_err,WISE_3.4_flag,WISE_4.6,WISE_4.6_err,WISE_4.6_flag,WISE_12,WISE_12_err,WISE_12_flag,WISE_22,WISE_22_err,WISE_22_flag,Spitzer_3.6,Spitzer_3.6_err,Spitzer_3.6_flag,Spitzer_4.5,Spitzer_4.5_err,Spitzer_4.5_flag,Spitzer_5.8,Spitzer_5.8_err,Spitzer_5.8_flag,Spitzer_8.0,Spitzer_8.0_err,Spitzer_8.0_flag,Spitzer_24,Spitzer_24_err,Spitzer_24_flag,Spitzer_70,Spitzer_70_err,Spitzer_70_flag,Spitzer_160,Spitzer_160_err,Spitzer_160_flag,PACS_70,PACS_70_err,PACS_70_flag,PACS_100,PACS_100_err,PACS_100_flag,PACS_160,PACS_160_err,PACS_160_flag,SPIRE_250,SPIRE_250_err,SPIRE_250_flag,SPIRE_350,SPIRE_350_err,SPIRE_350_flag,SPIRE_500,SPIRE_500_err,SPIRE_500_flag
ESO149-001,356.9529,-57.07261,8.0,SBd,1.53,3.388441338,13.53,90.0,1905,1912,26.10595303,21.75,1899,25.9284544,20.89296957,20.89296957,ESO149-001,356.9529,-57.07261,188.57775416,2.42700533489,117.411744282,,0.00494698234394,2.25706632309E-4,,0.0101792661303,2.90136473582E-4,,,,,,,,,,,,,,,,,0.142246077652,0.0182463909137,,0.134838506891,0.035184921638,,0.0759543202537,0.0189867274761,,0.0583138934098,0.00257592895732,,0.0230687363093,0.0023674026141,,0.0150518018115,0.00365064020397,,0.0397696574254,0.00996337499265,,0.0376045156937,0.00176358650777,n,0.0275877203421,0.0010773857042,n,,,,,,,,,,,,,,,,,,,,,,,,,0.916853216725,0.169352569409,,0.498450776781,0.109404114886,,0.221548341594,0.0606410923709,
ESO471-006,355.9431,-31.95695,8.6,SBm,1.56,3.630780069,13.6,90.0,267,285,3.891316221,5.55,269,3.672856363,4.365161773,4.365161773,ESO471-006,355.9431,-31.95695,228.799164537,2.90819294848,133.109260991,,0.00420764656655,2.37191315112E-4,,0.00496848693503,1.50503756739E-4,,,,,,,,,,,,,,,,,0.0078378634445,0.0195207945928,,-0.00186811813473,0.0349574524812,,-1.06520699967E-4,0.0397967691424,,0.0105672567841,0.00208918438177,,0.00229362571903,0.00477462593176,a,-0.00962624765682,0.00701753659421,,-0.0165046194021,0.0137902986858,,0.0143833229047,0.00228162597069,N,0.0101605908021,0.00198938445144,N,-0.00157033271028,0.00425441963582,N,0.00422346489246,0.001002123236,N,-0.00462255661064,0.00434923217523,,,,,,,,,,,2.62717730657,1.27168338481,,-0.128587539695,0.795497453847,,0.167611256012,0.183830238674,,0.0922129229711,0.137180451765,,0.037596707709,0.0770835757283,
IC2233,123.4953,45.74251,6.5,SBc,1.46,2.884031756,12.45,90.0,540,733,10.00819224,13.44,585,7.987438558,13.99587028,13.99587028,IC2233,123.4953,45.74251,256.535488384,3.38287882357,83.6631060787,,0.00626664184421,2.94770948812E-4,,0.00785036860036,2.20213126687E-4,,0.0156901283208,0.00114261965105,,0.0318759207705,9.01451284304E-4,,0.0441808453679,0.00184252443841,,0.0652445580994,0.00373767096337,,0.0523006199538,0.0103493982616,,0.0681825327826,0.0176381679119,,0.0504081565125,0.038982422142,,0.0682233096439,0.024355428835,,0.0331646357718,0.00253717755592,,0.0211452864058,0.00394384511496,,0.0157588657436,0.011360907125,,0.0108222618395,0.0179225495705,,0.0283137660595,0.00121211697941,n,0.0206409247876,9.76009899216E-4,n,0.0146538855285,0.00128035907266,n,0.0205036074593,0.00191915181914,n,0.0388809057437,0.00347542764068,,,,,,,,,,,2.12198268359,0.374612015291,,1.4513523168,0.429711682226,,0.91868274478,0.384630178521,,0.506063925453,0.202170860675,,0.263030510862,0.135923475357,
IC2531,149.98125,-29.61755,5.0,Sc,1.82,6.606935278,12.9,90.0,2472,2520,34.40742764,34.28,2473,33.7657018,35.64507796,35.64507796,IC2531,149.98125,-29.61755,217.935065842,2.82764460019,-19.0295459165,,0.0015143790531,2.48006317587E-4,,0.00325972581693,3.86323077872E-4,,,,,,,,,,,,,,,,,0.247431901154,0.0245253082159,,0.304594061191,0.117723915728,,0.28794208283,0.035324184618,,0.158263326613,0.00620371800488,,0.0920109387291,0.00444672573531,,0.170743230451,0.0102855321239,,0.172874478084,0.0150653133751,,,,,,,,,,,,,,,,,,,,,,,,,,5.79735603715,0.559541359064,,11.1389441274,0.875660248147,,7.2562949561,0.478865701114,,3.80210546697,0.260270253052,,1.66476329756,0.141631240631,
IC2574,157.10235,68.41319,8.9,SABm,2.11,12.88249241,10.83,83.0,57,238,3.249590388,3.54,46,0.628072092,3.999449676,3.999449676,IC2574,157.10235,68.41319,611.466710076,2.08806764285,-32.9151184797,,0.0476277089243,0.00215003868229,,0.0520839197344,0.00143048292781,,,,,,,,,,,,,,,,,0.104721335253,0.0391417554083,,-0.529303983695,0.216572384796,A,-0.308971600554,0.0791811737199,A,0.134458592796,0.0088963792425,,0.0751187279988,0.010042658452,,-0.0368350854208,0.0477418315517,,0.0334698793598,0.0726042199277,,0.176786471131,0.00995394331756,n,0.0972259153542,0.0102141265038,n,0.125852002872,0.0229842287368,n,-0.11761845794,0.0113106478408,nA,0.162612183662,0.0551704539664,,,,,,,,,,,8.33998027909,1.79165464651,,,,,3.20914024058,1.32527886497,,2.63886372681,0.910389609913,,1.8728170992,0.410707420141,
IC4213,198.0465,35.67015,5.8,Sc,1.4,2.511886294,13.9,86.5,815,1100,15.01911524,19.77,815,11.12779902,20.1372379,20.1372379,IC4213,198.0465,35.67015,189.794666039,4.67848611233,89.8661606864,,0.00174017104329,7.96895233486E-5,,0.00233700427699,7.07725734839E-5,,0.00597680616066,8.36585367347E-4,,0.0133482113798,2.02627752023E-4,,0.0195692718552,5.56006898779E-4,,0.0243054593107,6.49331343428E-4,,0.0283991029077,0.00170758438438,,0.0240386651859,0.00785253060059,,0.0430905029189,0.0291531134868,,0.0301381160496,0.0138960690282,,0.0146375457949,7.05977823958E-4,,0.00914507616697,9.74749545643E-4,,0.0175443337789,0.00212443438328,,0.0279222952824,0.00633052831129,,0.0143788091859,4.87755496374E-4,n,0.0102972369143,3.6446178934E-4,n,,,,,,,,,,,,,,,,,,,,,,,,,1.03924762498,0.122088449227,,0.559380603816,0.0922336823204,,0.284657471031,0.0602925765645,
NGC0253,11.88795,-25.28844,5.1,SABc,2.43,26.91535218,7.93,90.0,243,251,3.427089022,3.24,246,3.358820317,3.698280433,3.698280433,NGC0253,11.88795,-25.28844,1739.19845363,3.72671069654,-39.6184547179,,0.121443438595,0.00546828433069,,0.191650316292,0.00519746531212,,,,,,,,,,,,,,,,,20.5885950789,0.479817746944,,20.922146185,1.41799527143,,20.6993720989,0.699282821293,,12.1257860318,0.352107244104,,8.0290285134,0.273625729873,,41.0953008065,1.89270393207,,106.081552333,5.94317163228,,12.418065766,0.372742014402,n,9.82284882752,0.347212842548,N,,,,,,,76.1263193008,3.82010289022,aN,,,,,,,1832.79704758,128.871042782,N,2595.14789109,182.852014091,N,2404.31333016,169.538967028,N,1033.26983965,56.8604044722,N,436.818783901,24.0748369642,N,151.012103119,8.33426069941,N
NGC0625,23.77125,-41.43676,9.0,SBm,1.82,6.606935278,11.64,90.0,396,325,4.437465866,3.75,389,5.311305298,3.999449676,3.999449676,NGC0625,23.77125,-41.43676,440.199555752,2.7658513367,5.65075445014,,0.0110693799613,5.64991026559E-4,,0.016744727291,5.0363374623E-4,,,,,,,,,,,,,,,,,0.251853166666,0.143134764384,,0.248260437921,0.446149292823,,0.38208398632,0.267562074575,,0.134648188563,0.00689147566465,,0.0763072033676,0.00669263939231,,0.22686323772,0.0213232020169,,0.857196358078,0.0705249260641,,0.133014155847,0.00690517125634,N,0.0867069781731,0.00426564443326,N,0.0705577441559,0.00604048332684,N,0.153246928472,0.00629788023292,N,0.899906484573,0.0457696639604,N,6.92173149322,0.935604692627,N,8.78989644311,-1.05478757317,N,6.18696415357,1.47841902112,n,11.4336038106,1.57045012658,n,9.7587852343,1.18482690692,n,4.43624874107,0.316190738997,,2.41370728604,0.215080839551,,0.880409549426,0.11168559754,
NGC0678,27.35355,21.99728,3.0,SBb,1.49,3.0902955,13.35,90.0,2835,2766,37.76624795,27.87,2793,38.13489896,,27.87,NGC0678,27.35355,21.99728,240.318416094,3.11698310073,-12.6663027285,,5.43844414589E-4,7.90122171219E-4,,8.6255353295E-4,1.6282678954E-4,,0.00424848474468,0.0058900892647,,0.0375897273751,0.00204148472419,,0.0854787118158,0.00312308885388,,0.132932575133,0.00521086947764,,0.17942151173,0.00703741444436,,0.274943768071,0.0136789669693,,0.309710684542,0.0685941114232,,0.313783516712,0.053874529355,,0.135551984253,0.00460099888665,,0.0742997903538,0.00361625415603,,0.0823267066181,0.00964750554173,,0.0770020179425,0.0140709708121,,0.128182096679,0.00400713911717,N,0.0815721352423,0.00258043361763,N,,,,,,,,,,,,,,,,,,,1.22385566471,0.28797441062,n,3.23341325582,0.337464977875,n,2.16455866535,0.303439767742,,1.01279626869,0.168511282444,,0.293963453485,0.0994568502838,
NGC0891,35.6397,42.34712,3.1,Sb,2.12,13.18256391,10.84,90.0,528,689,9.407427635,10.09,528,7.209175314,9.862793903,9.862793903,NGC0891,35.6397,42.34712,518.770657784,3.082542843,113.774159494,,0.00506987536265,6.21948888129E-4,,0.0152133033896,0.00390818528093,,,,,,,,,,,,,,,,,1.93203370924,0.301595449928,,1.40766759012,2.8219880232,a,2.46209674892,0.940162529436,,1.90262052996,0.0571115713173,,1.26341020724,0.0458273209188,,5.34364237171,0.260732240254,,6.53616415523,0.377125516955,,1.90978893229,0.0578437903734,n,1.34863601942,0.0409335269779,,2.69747478505,0.0830338486147,n,6.38914701804,0.19261839938,A,6.31503337081,0.315982897797,n,98.7203617469,9.87884709531,n,290.546279932,34.9480227809,n,120.331370153,8.48759725226,n,263.762915877,18.4786995432,n,329.989410017,23.1165824724,n,167.277063302,9.2061433226,,71.3755606818,3.93364606572,,25.3083107896,1.3977948108,
NGC1351A,52.20315,-35.17825,4.2,SBbc,1.4,2.511886294,13.8,82.1,1353,1276,17.42217368,22.01,1353,18.47351174,19.40886355,19.40886355,NGC1351A,52.20315,-35.17825,151.861067999,1.98854448871,43.1102149836,,4.08466153843E-4,4.65977627801E-5,,6.11020323464E-4,4.29446470935E-5,,,,,,,,,,,,,,,,,0.0525077336094,0.0163896538822,,0.0672432571491,0.0481063638471,,0.0490989192629,0.0234571194003,,0.0268834467727,0.00145546614269,,0.0157765892608,0.00132319425222,,0.0405455506372,0.0030363076937,,0.0378249341451,0.00627034276745,,0.0268197750862,0.00171920214037,n,0.0187976963258,0.00107587647566,n,,,,,,,,,,,,,,,,,,,2.04802347428,0.557042146515,,2.08460297254,0.536346084858,,1.73874997851,0.142601446346,,0.963421873366,0.0986788492384,,0.387657279598,0.0504470096375,
NGC1437B,56.47875,-36.35695,8.3,Sd,1.46,2.884031756,13.83,90.0,1497,1423,19.42927362,8.68,1496,20.42599672,10.28016497,10.28016497,NGC1437B,56.47875,-36.35695,122.988344902,2.10928340359,89.5543421636,,,,,0.00119722427548,8.96676189489E-5,,,,,,,,,,,,,,,,,0.0450526592454,0.00457837098137,,0.0551940634992,0.0117926896815,,0.0466988942077,0.00549345453576,,0.0231878202052,0.00111829081788,,0.0120602445089,0.00102768083985,,0.0349335216571,0.00267362941401,,0.0416211571266,0.00465977323963,,0.0239754166173,0.00151890670262,,0.0160765148369,0.00108403858943,,,,,,,,,,,,,,,,,,,,1.43125680654,0.412797076838,,1.68346788915,0.438013318255,,1.50148400525,0.127161230423,,0.807532286633,0.0942711489423,,0.355998900515,0.0564357639847,
NGC1808,76.9263,-37.51296,1.2,Sa,1.73,5.3703182,10.83,83.9,995,894,12.20644457,10.39,1002,13.68104861,12.30269203,12.30269203,NGC1808,76.9263,-37.51296,435.798991567,1.86917566829,34.4254464161,,0.00662628288494,3.08323332302E-4,,0.0135623076918,3.9557435253E-4,,,,,,,,,,,,,,,,,1.43626228511,0.0392387833836,,2.02268803104,0.0483815581793,,1.44564747326,0.0398489607117,,0.935869246151,0.0277991054238,,0.618011710856,0.0227725164554,,4.62731175646,0.213596909929,,15.4687309352,0.867113180189,,0.956632696104,0.0305961340258,N,0.681228369899,0.0210899225177,N,1.42467770192,0.0447932453019,N,,,,13.9966371691,0.704065126115,N,,,,,,,130.87010372,9.91581934954,n,169.044122315,12.8012674152,n,144.571982583,10.811102038,n,61.4099230921,3.42164964791,,24.8778867965,1.45433358802,,8.05629399631,0.485377635964,
NGC2992,146.4252,-14.32638,0.9,Sa,1.47,2.951209421,13.06,90.0,2311,2492,34.02512288,31.6,2310,31.540142,,31.6,NGC2992,146.4252,-14.32638,211.489533117,2.80535017889,100.646422141,,0.00370572017342,1.83841792135E-4,,0.00433127209634,1.58177305606E-4,,,,,,,,,,,,,,,,,0.27216395996,0.021471685272,,0.323909479127,0.0299752775876,,0.279960970406,0.0240592054596,,0.158114660307,0.00506607747523,,0.105976327079,0.0043724672455,,0.382490480621,0.0205317769605,,1.04432139917,0.0617848803124,,,,,0.163120014637,0.00495584699301,a,0.235237991099,0.00860363656093,,0.377689243052,0.0116104280919,,1.08972517155,0.0629580379336,n,,,,,,,9.08085454098,0.745955426634,,13.4196883852,1.21060903574,,12.5237657815,0.956677066245,,5.52414354342,0.321478651303,,2.32941354418,0.137985417003,,0.833577284379,0.0618485791636,
NGC3079,150.49095,55.67982,6.6,SBcd,1.91,8.128304537,11.41,90.0,1116,1513,20.65811032,19.3,1123,15.33315128,16.51961552,16.51961552,NGC3079,150.49095,55.67982,451.205958357,3.66189736389,73.7772853903,,0.0114218409504,5.24480332519E-4,,0.016698935384,5.05640954606E-4,,0.0631635172545,0.00493478777413,c,0.15731846243,0.00500583710603,c,0.281820134395,0.00722099617658,c,0.432087038366,0.0164827356803,c,0.486989459058,0.0193267597709,c,0.771732489063,0.0764810671415,,1.27463334332,0.295478522696,,0.880669409188,0.183675060799,,0.790536274888,0.0235949223423,C,0.374953085074,0.0136112283982,,2.09058511642,0.0979933677769,,3.01851515488,0.173279016733,,0.557203162276,0.0170301040162,,0.393133341566,0.0120157444851,,0.967386986719,0.0609811347219,AN,2.18069875934,0.0671909623197,AN,2.92475649612,0.14688029173,a,,,,,,,62.2021925261,4.48230563836,N,115.865113759,8.12560011157,N,109.487285988,7.72412347408,N,51.894108508,2.88003442825,,21.6999003053,1.23390297817,,7.8330526932,0.459017519702,
NGC3190,154.52625,21.83272,0.9,Sa,1.56,3.630780069,11.88,87.8,1271,1649,22.51501912,24.35,1323,18.06389951,24.32204885,24.32204885,NGC3190,154.52625,21.83272,223.720062449,1.60303650096,28.1040357176,,2.95660769339E-4,1.06107890958E-4,,0.00180455439911,2.37658555398E-4,,0.0230926166361,0.00226829118073,,0.110878424029,0.00310236472546,,0.225293958241,0.00628819293902,,0.332511718715,0.00878814321876,,0.432736467527,0.0373553617913,,0.712552414775,0.0614215479128,,0.977938854514,0.136641540925,,0.755761096553,0.127977430294,,0.36041447039,0.0114343412939,,0.202863286996,0.00836408095055,,0.305673545275,0.0180679725452,,0.263997606611,0.0236946465539,,0.352221027214,0.0113310013313,,0.22418262128,0.00746492937583,,0.138327018395,0.0147347701884,,0.297028453528,0.00985775888149,,0.268082416384,0.0194007615387,,,,,,,,4.99733813953,1.10780299328,,11.7208375069,1.74736651826,,14.6892996017,1.36037567721,,8.01689839525,0.502345901176,,3.35561323842,0.499529221645,,1.05703685172,0.187933328004,
NGC3396,162.4806,32.99078,9.4,SBm,1.49,3.0902955,12.43,90.0,1625,2104,28.72747133,24.9,1629,22.24194429,,24.9,NGC3396,162.4806,32.99078,272.674278888,1.74196374821,-20.8509165916,C,0.0184801792629,8.33353352124E-4,C,0.0249335279773,6.76868320104E-4,C,0.0436878068738,0.00105274011641,C,0.0870758885457,0.0011011547322,C,0.105788844885,0.00127902596627,C,0.121828048359,0.00181799329163,C,0.134839536342,0.00360405349089,C,0.180855826731,0.0109640384921,C,0.266955201614,0.0253333631656,C,0.166496467584,0.0158722723395,C,0.0963215107652,0.0041553252497,C,0.0662349752474,0.00374889192509,C,0.458205332175,0.022276490586,C,1.25820827758,0.073015405778,C,0.0904798991404,0.0035449774561,CN,0.0602011095346,0.00248197394788,CN,-0.674654599284,0.0229462521821,CNA,0.498259474342,0.0153423584167,CN,1.11971066925,0.0566645304157,CN,12.2409466551,1.29859994638,CN,16.9786839898,-2.03744207878,CN,14.3810203184,2.44485185715,Cn,22.2944968578,2.94181313268,Cn,16.5119174782,2.96314938436,Cn,7.79159157661,0.484747694149,C,3.30428416386,0.251867575197,C,1.30018415391,0.147634354039,C
NGC3448,163.66425,54.30515,1.8,Sab,1.47,2.951209421,12.42,90.0,1350,1802,24.60404151,24.5,1372,18.73293282,,24.5,NGC3448,163.66425,54.30515,141.747408488,1.87629951304,-26.8773629879,,0.00581780135456,2.64841560058E-4,,0.00895589949201,2.46186102108E-4,,0.0196371184393,0.00107032560473,,0.0491409859293,5.64452418713E-4,,0.0679874639033,8.42143643759E-4,,0.080755398216,0.00125330443235,,0.0895491037831,0.00347523187932,,0.119736060022,0.00813994130615,,0.130774961845,0.0176584720196,,0.0997854981897,0.0136050625296,,0.0646320631443,0.00229059009568,,0.041340791844,0.00213445914121,,0.198876638737,0.00966003595145,,0.575471682516,0.0330217266277,,0.0675179184594,0.00228937098167,,0.0472511155467,0.00160097735541,,0.0907871632563,0.0032686691801,,0.206459140195,0.00628993415363,a,0.591079514163,0.029697071839,,7.11795277373,0.714997533237,,10.7173932949,1.30841297311,n,,,,12.3170792843,1.35771641117,,10.5042890222,0.964720669532,,5.13032603451,0.30261609343,,2.36066990958,0.164564874337,,0.925201055209,0.078178277225,
NGC3501,165.69705,17.98949,5.9,Sc,1.63,4.265795141,13.61,90.0,1130,1491,20.35772802,23.61,1126,15.37411251,22.59436247,22.59436247,NGC3501,165.69705,17.98949,201.042580937,2.5958763604,118.452326373,,0.00154052402544,7.61431236452E-5,,0.00174330988075,7.95798668524E-5,,0.00849337921561,0.00292365952964,,0.024738623531,0.00100216828958,,0.0447961163186,0.00249086966638,,0.0649554846804,0.0024290238871,,0.0829553436881,0.0083100998408,,0.120375332254,0.0323201991048,,0.0821507109835,0.181158310124,a,0.121300818037,0.0765186705532,,0.0755390754266,0.00283618154178,,0.0427979039141,0.00265513436306,,0.136224146517,0.00849573036177,,0.162446292547,0.0143573830457,,0.076539897332,0.00237045278251,N,0.0511021968315,0.00159270098061,n,0.0754557720373,0.00438073674157,N,0.164202948304,0.00498914582632,n,,,,,,,,,,,,,5.9155549937,0.692505330371,,9.05902265905,0.885867111229,,4.81963783472,0.303405918298,,2.39164637977,0.191168836531,,0.968350669977,0.0967282253688,
NGC3692,172.10115,9.40754,3.1,Sb,1.51,3.235936498,13.14,90.0,1726,2205,30.10649918,37.07,1709,23.33424358,40.36453433,40.36453433,NGC3692,172.10115,9.40754,169.107912491,2.1508223493,2.91264853199,,0.00193792018157,9.85316906329E-5,,0.002849468486,9.72204981855E-5,,0.00929187448561,0.00103425880715,,0.0314148931389,9.45651121282E-4,,0.0563959087383,0.0014723595458,,0.0780743852532,0.00181016634163,,0.100739221112,0.00304977006946,,0.153460370749,0.0126770870228,,0.17042217881,0.0182193912145,,0.132471239196,0.0218863161373,,0.0742548946293,0.0026673489273,,0.0398061209055,0.00202938109055,,0.104755742973,0.00592277697231,,0.110426513547,0.0119275193746,,0.0708947695478,0.00226380115925,n,0.0459352956844,0.00164881197081,n,,,,,,,,,,,,,,,,,,,3.9382552484,0.722388402121,,6.74924707739,0.735918698804,,3.36283596753,0.23898098735,,1.73468823745,0.171215538735,,0.730973672273,0.0982873932699,
NGC4013,179.6307,43.94673,3.1,Sb,1.69,4.897788839,12.39,90.0,831,1176,16.05679956,18.76,836,11.41452758,18.79317543,18.79317543,NGC4013,179.6307,43.94673,344.880153863,3.02361809044,-23.8723400307,,0.00114141620974,5.79281045001E-5,,0.00350147560995,1.10075982257E-4,,0.0293994441127,4.54807545616E-4,,0.0814892528467,7.48987565828E-4,,0.163453381144,0.0014291304313,,0.250392960869,0.0019982641967,,0.358672379457,0.0035980095223,,0.515448455645,0.009847529623,,0.684648524151,0.0143934763009,,0.695399057961,0.0146565442461,,0.354754909099,0.0103911193601,,0.217089289611,0.00759087449426,,0.588866107353,0.0273206568267,,0.692053246708,0.0406586175455,,0.352028529632,0.0108421440628,N,0.239427516857,0.00735883230164,N,0.330219413293,0.0126030532203,N,0.648721340037,0.0196754926502,N,0.637203427688,0.0323567872439,a,,,,,,,,,,25.5360294288,1.89547584083,n,36.4273123557,2.66834867359,n,19.2785593204,1.06999824161,,8.56191637113,0.487759798672,,3.09885224034,0.182891838811,
NGC4144,182.49375,46.45731,5.9,SABc,1.72,5.248074948,12.05,86.2,265,336,4.587657018,6.63,266,3.631895139,6.886527682,6.886527682,NGC4144,182.49375,46.45731,311.627680491,3.43372417462,13.0036230491,,0.0087734817708,3.97226761561E-4,,0.0132738880328,3.72554924175E-4,,0.0329652349866,0.00220977791573,,0.0776018777289,0.00156391164736,,0.111836416747,0.00253974737039,,0.135215188264,0.00356423912601,,0.150759464345,0.0185024825672,,0.173747372882,0.0328250478142,,0.134685880217,0.0649891632942,,0.167593459851,0.0335417240405,,0.0736141193739,0.00379735478538,,0.0419470265143,0.00294461941622,,0.0552287423179,0.00878171048078,,0.116507497922,0.0202367940808,,0.0709060485566,0.00257241383855,N,0.0491395749895,0.00198354731385,N,-0.306483233041,6.89320907249,aN,0.0631877728404,0.00255623819988,N,0.111427977263,0.0063264923312,,,,,,,,,,,4.71888352296,0.667166021735,,5.45208124031,0.63813825415,,3.63517531448,0.320884977672,,2.19394719084,0.214049330687,,1.10715293587,0.151845597233,
NGC4178,183.1932,10.86585,7.0,Scd,1.67,4.677350951,11.88,90.0,374,190,2.594210814,15.97,375,5.120152922,25.00344,25.00344,NGC4178,183.1932,10.86585,285.795439397,3.04172536216,121.953395223,,0.0105147950832,4.75504255189E-4,,0.0148856859075,4.11527002991E-4,,0.036521438609,0.00451026358241,,0.0759865325684,0.00339661886849,,0.120954607497,0.00471500826445,,0.149520956195,0.0100750218076,,0.164630149867,0.0165161066427,,0.128889316607,0.0839605613437,,0.162885413492,0.0719397666836,,0.147494975057,0.080318401081,,0.102563670082,0.00519467655602,,0.0568245231273,0.0056451481086,,0.23562869764,0.0152247415681,,0.363733250181,0.0287610086762,,0.105328594332,0.00394180874586,an,0.069692209613,0.00275615476164,an,0.0800075235257,0.00556117664548,n,0.295743778377,0.00899939383142,n,0.387298223573,0.0195903248934,n,5.45946503649,0.555190808151,n,16.0109370672,1.93326182063,n,,,,13.8054611386,1.34839694334,,15.5738656218,1.40252099912,,9.37683652487,0.524105812126,,5.00512175712,0.284745515674,,2.21370577677,0.137329700334,
NGC4183,183.3204,43.69854,5.8,Sc,1.63,4.265795141,12.84,90.0,930,1362,18.59639541,17.64,920,12.56144184,16.67247681,16.67247681,NGC4183,183.3204,43.69854,253.640210109,3.26300973829,79.7047893043,,0.00350382156919,2.44407532199E-4,,0.00559506420376,1.63369285322E-4,,0.0155765415463,0.00167684204091,,0.0346635608412,0.00124712013934,,0.0531531511451,0.00145259490925,,0.0685166444252,0.00188020595943,,0.0734914622441,0.00597866204073,,0.0685524449233,0.0352372860779,,-0.00839196649475,0.238762193158,,0.0588875763285,0.0637908892004,,0.0519165972101,0.00247126956045,,0.028224150309,0.00323277281558,,0.0748875520632,0.00521975774759,,0.0948470003322,0.0148009939486,,0.0514039278631,0.00210009299347,N,0.0356404078124,0.00126386257739,N,0.0284746559305,0.00467167458583,N,0.0829849332768,0.00264678866356,N,,,,,,,,,,,,,3.46860653554,0.481960710634,,5.94561927021,0.552377196044,,3.7382789156,0.270624408828,,2.25381924753,0.176841265199,,1.06171630992,0.0823057948159,
NGC4192,183.4512,14.89996,2.6,SABb,2.04,10.964781,10.85,90.0,-142,-214,-2.921900601,15.44,-114,,12.70574373,12.70574373,NGC4192,183.4512,14.89996,487.430046997,4.04854998705,65.5398534983,,0.0071663336536,0.00104236252177,N,0.0149128449152,4.9028198058E-4,,0.0654390057902,0.00700747077781,,0.252879420651,0.00723283823044,,0.47402631656,0.0142523274514,,0.677961252003,0.0132717458818,,0.832509420118,0.0352769449318,,1.19809780952,0.131381610342,,1.33863950074,0.230524721359,,1.24159542189,0.207401354831,,0.625093255045,0.0188441451756,,0.359741727576,0.0147466709309,,0.971589136204,0.0541063121956,,1.10441189705,0.0815814073558,,0.597495119586,0.0180597256286,,0.387364539979,0.0117192700036,,,,,,,,0.988709926408,0.0497871151546,n,12.807509054,1.3149776315,N,45.6279167877,5.47958667882,n,16.2604666238,1.32186381034,,27.5533132971,2.02022071734,,44.2285913539,3.19698369721,n,26.8571265569,1.74774330263,,12.7087639071,0.789799231089,,4.72565460757,0.389757101506,
NGC4206,183.82005,13.02386,4.0,Sbc,1.67,4.677350951,12.85,90.0,702,1021,13.94046969,20.16,702,9.58492627,18.87991449,18.87991449,NGC4206,183.82005,13.02386,252.654726771,3.20975704751,91.6766204893,,0.00262175818196,1.44759507045E-4,,0.00429971894516,1.6651657532E-4,,0.0117394687652,0.00149681145417,,0.0347097494874,0.00168058986024,,0.0589863196302,0.00265082775944,,0.0786446551339,0.00414248450116,,0.0903080712259,0.00992370092051,,0.114977394284,0.030309597535,,0.136364737451,0.0422653277991,,0.109150468905,0.0424738557047,,0.0635934324201,0.00282552662046,,0.0348935171919,0.00244703229813,,0.0912660738227,0.00898097717849,,0.116290394248,0.0173190414823,,0.0629231267023,0.00207645410959,n,0.0406070041909,0.00130837574471,n,0.049353485856,0.00362647027123,n,0.0977442230959,0.00343931138698,n,,,,,,,,,,1.07384360508,0.40151881226,,3.54833153907,0.957672528868,,5.66088678681,0.703915953305,,3.98923047162,0.282596679186,,2.34384210551,0.205742970678,,1.08293761154,0.10353052919,
NGC4216,183.97635,13.14958,3.0,SABb,1.89,7.762470911,10.95,90.0,131,18,0.24576734,16.59,133,1.81594757,13.80385356,13.80385356,NGC4216,183.97635,13.14958,507.168707113,4.15037327043,111.001300881,,0.00197075004153,6.54960354469E-4,,0.00489416249276,2.79147185844E-4,,0.0594520348397,0.0206677096617,,0.260285169402,0.00469548987189,,0.546833397093,0.0080537352107,,0.851071147052,0.0102455581788,,1.06202034028,0.0613191286095,,1.6376874996,0.140835068684,,2.05701609237,0.328298232172,,1.68843411235,0.155183365525,,0.855191475453,0.025349351303,,0.462962143812,0.0173561897027,,0.667166429563,0.0672428407644,,0.48996604181,0.111827116336,,0.817034829205,0.0246016279998,,0.511152319225,0.0154410278401,,,,,,,,,,,,,,,,,5.34843491014,1.23267410389,n,18.2641035315,1.39707989913,,33.4466160972,2.44941944437,n,20.9309777631,1.31548501335,,9.84539861954,0.641955225282,,3.73278873762,0.276162722458,
NGC4217,183.96225,47.0919,3.1,Sb,1.73,5.3703182,12.05,81.0,1027,1516,20.69907155,19.37,1000,13.65374113,18.53532161,18.53532161,NGC4217,183.96225,47.0919,411.748237945,2.22675606604,133.325274836,,0.00132876033916,7.18880637784E-5,n,0.00514827140571,1.60930831734E-4,n,0.0292419779374,0.00242396754644,c,0.107045997688,0.0024338698201,c,0.210588228056,0.00476740319295,c,0.367805946865,0.00691340825057,c,0.44193603843,0.00955479889951,c,0.514904560707,0.0309326515623,,0.786494444796,0.0758666884628,,0.619048614787,0.0389081535746,,0.767004701832,0.0226703653877,C,0.598727962453,0.0214890231833,C,1.12289959324,0.0522098152403,,1.28813863376,0.0753110722242,,0.421556723812,0.013150385408,Cn,0.295252472982,0.0093626476684,Cn,,,,1.38494999853,0.0416587132556,aN,,,,,,,,,,,,,41.3317974589,3.33582795399,n,56.1661496139,4.65575131187,n,30.2652873698,1.68518114089,,12.7725851496,0.738231520059,,4.57133990053,0.280828264131,
NGC4222,184.0941,13.30724,6.6,Scd,1.45,2.818383241,13.9,90.0,230,97,1.324412889,23.35,230,3.140360459,19.76969657,19.76969657,NGC4222,184.0941,13.30724,202.223560423,2.54526433247,-31.8435016879,,8.40148344953E-4,5.7990434579E-5,,0.00123172966573,7.55223316233E-5,,0.0061382427177,0.00237728644249,,0.0151188881069,0.00108424719123,,0.026953313073,0.00138157959432,,0.036101477174,0.001904775288,,0.0431323521459,0.00447432941133,,0.0602901579788,0.0238636633942,,0.0861033208459,0.0519977874113,,0.058140247485,0.0216475063705,,0.0403086361659,0.00201259315893,,0.0238916821199,0.00221448250281,,0.0867382095062,0.0130492041575,,0.132407980463,0.0212588356385,,0.0377493745566,0.00156876069236,n,0.0184046405536,0.00219381598583,N,,,,,,,,,,,,,,,,1.8239909506,0.495919271207,,4.41278626701,0.81194535455,,5.58093640462,0.64545529723,,3.47761413435,0.270877330118,,1.93042726438,0.159018201707,,0.847131337739,0.0849638410431,
NGC4235,184.2912,7.19157,1.0,Sa,1.64,4.365158179,12.61,90.0,2410,2859,39.03604588,24.97,2423,33.08301475,18.70683488,18.70683488,NGC4235,184.2912,7.19157,282.289924166,3.69765792525,-39.135589117,,2.23447316603E-4,4.27728103848E-5,,8.13374156627E-4,1.17357035249E-4,,0.0123330884733,0.00262080691728,,0.0573123244743,0.00103318196058,,0.116886937406,0.00227221931876,,0.171907402036,0.00449965716943,,0.209924638223,0.00719593387977,,0.266955582533,0.0529344651118,,0.334920997524,0.0655711593653,,0.31711463345,0.0508355514678,,0.150121163033,0.00474203247126,,0.089124639555,0.00578106365658,,0.0838764869911,0.00620208304448,,0.106607671134,0.0153943453698,,0.147656527533,0.00474200599695,n,0.102047912097,0.00329062337158,n,0.084311824659,0.0167040763514,n,0.0431328359149,0.00321804386008,n,0.0634340497022,0.00468723064712,N,,,,,,,,,,0.675461150024,1.3489723262,,0.402407673136,0.706278144317,,0.783154831226,0.168594526213,,0.386799172322,0.10755184809,,0.0843484407856,0.0694372883461,
NGC4236,184.17525,69.46257,8.0,SBd,2.37,23.44228198,10.05,90.0,0,191,2.607864555,3.87,-1,,4.405549177,4.405549177,NGC4236,184.17525,69.46257,920.963073285,3.49170196959,70.039645322,,0.0657720622103,0.00296127270152,,0.0759270420308,0.0020604276542,,,,,,,,,,,,,,,,,0.558856990074,0.0295808354184,,-0.460786854411,0.122215601495,A,0.453705485728,0.0662474047824,,0.240641329867,0.00952474490785,,0.137522405655,0.00752994996814,,0.219636542543,0.0168973981337,,0.550911196993,0.0413758760335,,0.3040388201,0.0157346350419,N,0.222281220407,0.0127184373547,N,-0.015836863073,0.0990819511466,N,0.117534319014,0.0134114368699,N,0.54764250537,0.0340263089689,n,,,,,,,2.35193116569,2.94730241893,,10.1733927368,3.79812919758,,16.0161348233,2.47006100765,,9.91350120111,0.719434565446,,7.05125915825,0.523556562465,,3.29691712252,0.310350294673,
NGC4289,185.25945,3.72208,5.7,Sc,1.63,4.265795141,14.54,90.0,2618,3044,41.56198798,42.11,2615,35.70453304,45.08169976,45.08169976,NGC4289,185.25945,3.72208,360.760960667,4.76944583266,82.8174931651,,0.00122466380782,7.25896731844E-5,,6.55663562605E-4,1.52120868875E-4,,0.0177507352937,0.012157374699,,0.0171194676538,0.00635241924362,,0.027509401353,0.0115638635589,,0.0409951399068,0.0101715547893,,0.0436932426706,0.0258390380445,,0.0799389865449,0.0658292735323,,0.158810935703,0.137048524278,,0.0764868575513,0.115666253837,,0.0359340844237,0.00431247926981,A,0.0358348148768,0.00573770137571,a,0.0546115555811,0.0332110662988,A,0.136574481672,0.0531363245033,A,0.0437238274982,0.00144842794703,n,0.0297043608855,0.00116618292105,n,,,,,,,,,,,,,,,,1.98981906554,0.411832220109,n,2.26204351416,0.899942752101,,3.10481139941,0.667128651149,n,2.26744648389,0.230550795103,,1.08680019502,0.160743776538,,0.468285692474,0.0959013028433,
NGC4302,185.4264,14.59814,5.4,Sc,1.78,6.025595464,12.52,90.0,1149,1024,13.98143091,20.95,1126,15.37411251,14.32188352,14.32188352,NGC4302,185.4264,14.59814,416.543611418,5.26525877537,88.1451881855,c,0.00122471067125,1.55761559769E-4,c,0.00254474390759,1.68009916441E-4,c,0.0154549120316,0.0051163450221,c,0.0737627858771,0.00527385811988,c,0.147703989465,0.0042882150274,c,0.227441282895,0.0112058508731,c,0.289587655188,0.0189892876409,c,0.462377406008,0.0661336835795,c,0.659059096701,0.246262530271,c,0.601199155212,0.0610257938134,c,0.328325525699,0.00997540648945,c,0.185406563425,0.00775474531295,c,0.497648800685,0.0267731587006,c,0.493843288074,0.046353349316,c,0.308399876714,0.00931585942911,c,0.210663280622,0.00639521242982,cn,0.303245469913,0.0129763945358,c,0.530417192952,0.016690423783,cn,0.488198886634,0.0247376835157,cn,6.58007725022,0.665484525653,cn,32.2762105092,3.92241565331,cn,,,,18.6755154683,1.81413039393,c,29.4750416681,2.07468280497,c,18.7439154909,1.12743582867,c,8.41537186494,0.580995437206,c,3.01348313731,0.232562287743,c
NGC4307,185.5233,9.04361,3.2,Sb,1.54,3.4673682,12.8,90.0,1092,1008,13.76297105,22.21,1058,14.44565811,23.33458226,23.33458226,NGC4307,185.5233,9.04361,227.434432863,3.01135343703,114.018616321,,2.93534955613E-4,4.23382822599E-5,,9.15519720762E-4,4.92260740596E-5,,0.00771422579655,0.00399939827649,,0.0423263248893,0.00107222470085,,0.0869166718257,0.00128098223279,,0.128588822203,0.00306658964338,,0.160514419375,0.00755150315589,,0.251469928444,0.0259629564673,,0.288457877317,0.0537827018527,,0.231277633856,0.0445096336055,,0.126626500513,0.00425319551804,,0.0743828348062,0.00342070932132,,0.113924803868,0.00740152872797,,0.153773044918,0.0230833455104,,0.122926256675,0.00378585070039,,0.0806198047698,0.00252967080435,,,,,,,,,,,,,,,,,1.55343043397,0.378871404082,,4.88400071788,0.709209251619,,7.42663337662,0.701905762941,,4.56470993934,0.28543973371,,2.03415417668,0.177791431579,,0.717958874076,0.0879325202768,
NGC4312,185.63055,15.53786,2.0,Sab,1.7,5.011872887,12.53,90.0,153,48,0.655379574,10.7,152,2.075368651,10.0,10.0,NGC4312,185.63055,15.53786,264.611439457,3.14412676715,79.8755553901,,3.56628102669E-4,7.84296204467E-5,,0.00155158262635,9.03176652672E-5,,0.0151173375295,0.00279341757443,,0.0538183835376,0.0020958026094,,0.0974799056312,0.00373430346253,,0.136696886376,0.00381780621491,,0.158767234576,0.0130020025186,,0.214718212908,0.0344079516535,,0.266432758967,0.0872129311876,,0.183488871799,0.0717257889997,,0.11278781295,0.00360442980058,,0.0591485541539,0.00438884815854,,0.187871409508,0.0131698749124,,0.203168419087,0.0242823778477,,0.109082174362,0.00343636024482,,0.0729701381142,0.0024344544256,,,,,,,,0.220500043799,0.0112391478691,,3.07209980247,0.315276249875,,,,,,,,7.17520802072,0.911141479258,,8.04647068945,1.13260076937,,3.94437350304,0.327555929348,,1.55211400512,0.155792278337,,0.473126844856,0.0961455124125,
NGC4313,185.66055,11.80084,2.1,Sab,1.58,3.801894339,12.61,90.0,1443,1016,13.87220098,14.62,1437,19.620426,12.24617038,12.24617038,NGC4313,185.66055,11.80084,277.890988839,2.91772571791,49.2963863379,,3.51022209099E-4,1.45257418266E-4,,0.00141375824863,1.03139858942E-4,,0.0219464836012,0.0116843118082,a,0.0610598658231,0.00245724860694,,0.115986252208,0.00341224178436,,0.168094484701,0.00565305182764,,0.206347165775,0.0119552658736,,0.305153117469,0.0443299485406,,0.389821607944,0.0975709999391,,0.340749438676,0.068798722297,,0.151153908417,0.00499462474449,,0.0831800965487,0.00463764944682,,0.131754479245,0.0262752834771,,0.108119204291,0.0254324205206,,0.14306390861,0.00453536557559,,0.0928663975279,0.00304618779779,,,,,,,,0.126629375214,0.00954846583121,N,1.91538042042,0.222220285548,N,5.33459595798,0.704931893015,N,0.374720188411,0.661380582241,,4.9604024186,0.998781918208,,6.18580764313,0.719458798294,,4.00436702728,0.495965352692,,1.70238962379,0.282352302694,,0.53692673688,0.118016961481,
NGC4388,186.44505,12.66202,2.8,Sb,1.73,5.3703182,11.9,90.0,2524,3020,41.2342982,19.96,2516,34.35281267,17.37801821,17.37801821,NGC4388,186.44505,12.66202,351.090977953,3.2536112847,-0.360627698638,,0.00392518024179,1.78664910135E-4,,0.00759918272322,2.08992395936E-4,,0.029380586535,6.85941219415E-4,,0.115103179754,0.00113437707219,,0.197743321487,0.0018257197144,,0.268112963647,0.00301281210464,,0.308880073207,0.0041998602078,,0.526477158588,0.0116300307523,,0.476975422876,0.0212807963802,,0.459652786865,0.0124859069116,,0.269173299702,0.0082030729554,,0.206327333961,0.00742195381816,,0.790221964711,0.0368105636198,,2.57551380273,0.150238776731,,0.269198430767,0.00821101657078,,0.222448742758,0.00676068128384,,0.335255707201,0.0153283268513,n,0.481482711754,0.0168312151286,N,2.59861232672,0.130023026775,n,11.6671336311,1.1807573252,n,17.5532584639,2.11945451361,n,13.5708706405,1.39730208168,n,21.8388492013,1.57919014627,,20.719854381,2.07129469763,n,9.12369665613,0.576957026609,,3.89040157473,0.308904323304,,1.46526442568,0.133250780507,
NGC4402,186.5316,13.11312,3.3,Sb,1.55,3.548133503,12.95,81.5,232,102,1.392681595,14.83,235,3.208629164,12.41651915,12.41651915,NGC4402,186.5316,13.11312,270.637773642,2.22764423491,-0.317924158619,,0.00103148067208,1.03351238656E-4,,0.00240859570198,7.36334286144E-4,,0.0162563773481,0.00464949268563,,0.0545311738777,0.0272870725917,,0.105764427071,0.0224436322672,,0.154454381996,0.0388192539399,,0.188380099844,0.0833671424063,,0.208512154066,0.146490479264,,0.361633229695,0.0182178924867,,0.300866753512,0.112786324013,,0.178391520179,0.0334503651245,,0.111904677404,0.00687758110526,,0.525400186039,0.0250516953881,,0.678768192033,0.0411802576784,,0.18247072174,0.0058824939625,n,0.125739104301,0.00398612235225,n,0.168119330213,0.0192000712157,n,0.635032681342,0.020648826732,n,0.67127009548,0.0340359649844,n,8.61057921892,0.946262328065,n,24.0890836127,2.92153199984,n,8.95491933539,0.999039600247,,21.0247921703,1.50520273153,,26.7233647686,2.02985477806,,14.5176065115,0.864492370206,,6.11117528741,0.384725765236,,2.10780437687,0.17164750617,
NGC4419,186.73545,15.04726,1.2,Sa,1.59,3.890451749,11.99,84.5,-261,-314,-4.287274713,17.0,-218,,17.37801821,17.37801821,NGC4419,186.73545,15.04726,174.276861189,1.4828722316,45.9267709581,,5.835032312E-4,3.74565340875E-5,,0.00203756909036,7.99001766818E-5,,0.021129837286,0.00128445287614,,0.0874757167741,9.9831959161E-4,,0.174290307968,0.00212963293916,,0.259960892197,0.00331243599902,,0.32820505426,0.00984149122917,,0.508756640257,0.0155675622034,,0.618050501725,0.0384964369852,,0.562834785974,0.029205798956,,0.264887222164,0.00782793192065,,0.156243517232,0.00570976285603,,0.487037220283,0.023188154425,,1.26063445651,0.0721800901434,,0.261544181694,0.00806752491342,,0.172117737438,0.00544522544758,,0.21175099427,0.00963788058839,,0.396629158495,0.0120322728949,,1.26131614458,0.0634734042841,N,8.22889765326,-0.822889765326,N,15.2190327101,-1.82628392521,N,,,,16.9043869973,1.83017262491,,16.8806537272,1.64100714785,,8.37977776924,0.534327609845,,3.32353304093,0.250851737926,,1.12631432495,0.108484599027,
NGC4437,188.18955,0.11462,6.0,Sc,1.96,9.120109195,11.1,90.0,1128,1375,18.77389405,10.56,1128,15.40141999,8.394604953,8.394604953,NGC4437,188.18955,0.11462,534.494602093,4.65458324981,-7.93536569635,,0.0070813973123,3.32398333144E-4,,0.0153543509882,4.79837819065E-4,,0.0532961577052,0.00802462488493,,0.172781569155,0.00725432935433,,0.303064202952,0.0117240957614,,0.435869722841,0.0173537783134,,0.508515091124,0.049091016997,,0.754165954003,0.109199248766,,1.00051645949,0.259520617094,,0.648547259034,0.299892534662,,0.455438661784,0.0138336276852,,0.276529108647,0.012930685787,,0.910852120582,0.047499292074,,1.19432145494,0.0846941716779,,0.44674396953,0.0135579232517,N,0.298178994381,0.00910574424968,N,0.356796948486,0.0125010642839,N,0.862119529153,0.0262519360634,N,1.14827777804,0.0575921860958,n,11.8598935608,1.19975766379,n,49.523668821,5.95468206012,n,,,,29.2256146098,2.11570180432,n,46.7616525694,3.35283263636,n,32.1854192968,1.77459040006,,16.8625215337,0.933440509002,,7.09096198302,0.393758443092,
NGC4445,187.0665,9.43629,2.1,Sab,1.4,2.511886294,13.59,90.0,354,176,2.403058438,17.77,343,4.683233206,18.03017915,18.03017915,NGC4445,187.0665,9.43629,151.240770653,1.88080385005,12.6733003955,,3.76855942299E-4,3.18704892977E-5,,8.00554395434E-4,4.40428438961E-5,,0.00420921522688,0.00122629883327,,0.0199781108229,7.06769595577E-4,,0.0372813821532,0.00127808306361,,0.0535398146036,0.00339346045379,,0.0622493092581,0.00411489843844,,0.0916525111209,0.0244625914155,,0.0469907607497,0.100511429499,,0.077812497923,0.0453803714415,,0.0454485623467,0.00209281873438,,0.0273746622451,0.00211397583758,a,0.0432469272099,0.00825397533861,,0.0402890469898,0.0134717111616,,0.0441843240798,0.00146570455866,n,0.028001375286,0.00148890244368,n,,,,,,,0.0370983654568,0.0033917703723,n,0.389586432077,0.102876688816,n,1.60014233351,0.298614192029,n,,,,1.55589517451,0.456591575813,,2.29946753987,0.413807994588,,1.32945677204,0.128356334099,,0.539694830218,0.0872907859344,,0.164668980374,0.0508979438237,
NGC4469,187.3668,8.74994,0.2,S0-a,1.46,2.884031756,12.37,85.5,539,275,3.754778809,16.75,586,8.001092299,16.74942788,16.74942788,NGC4469,187.3668,8.74994,304.585748122,2.96675497822,-1.93170730062,,3.57471899385E-4,5.95004654634E-5,,0.001184238026,8.29370662649E-5,,0.0175180106843,0.00173759416885,,0.0862693061172,0.00172912183738,,0.172847801735,0.00278035079816,,0.254860072845,0.00401913007042,,0.317883341953,0.00491512402663,,0.491362815618,0.0517665200185,,0.453154351803,0.0281079600044,,0.41727659551,0.0775617098418,,0.209478757525,0.00642958482227,,0.111292766999,0.0130426170882,a,0.0929972756637,0.0304138634045,,0.0867994734158,0.0391617416432,,,,,,,,,,,,,,0.0876793983836,0.00716598479671,n,1.28479893049,0.417102657685,n,3.3304339523,0.562182777399,n,,,,2.68726203983,1.06893716926,,4.46143412884,1.10740489226,,1.68130737619,0.246855700462,,0.434415799083,0.168198916672,,0.0615519210317,0.127277755155,
NGC4488,187.71405,8.36011,0.0,S0-a,1.44,2.754229066,13.08,90.0,972,1005,13.72200983,8.05,984,13.43528127,8.053786959,8.053786959,NGC4488,187.71405,8.36011,265.509685945,2.29775964624,97.1031066813,,2.76967483125E-4,1.3405942658E-4,,7.96797258572E-4,9.54599912587E-5,,0.00658091481338,0.00329029756915,,0.0413945530148,0.00342348478225,,0.0739250736149,0.00327437229771,,0.107546748234,0.00163278859937,,0.121766312981,0.00927544707003,,0.126910698308,0.056047457192,,-0.0416605710963,0.162542311002,,0.133968144681,0.0586455115666,,0.0817827375345,0.00499466615019,,0.0533054067118,0.0140425180956,A,0.0428280618569,0.0469669117473,,0.0680668787166,0.0538255334171,,0.0733749775346,0.00253714525966,N,0.0462819148111,0.00235691274856,N,,,,,,,0.016845681838,0.0190061583476,,,,,,,,,,,-0.781873801752,0.968245629952,,0.260400122954,0.711720231286,,0.0969094439685,0.188665796571,,-0.116675834231,0.205258285682,,-0.127812981989,0.105084905895,
NGC4527,188.53395,2.65334,4.0,SABb,1.8,6.309572752,11.48,81.2,1736,985,13.44893501,14.32,1736,23.70289459,14.12537855,14.12537855,NGC4527,188.53395,2.65334,417.433407772,2.94006651618,-25.3862569897,,0.00571155209896,5.47951431534E-4,,0.0063639684632,2.9083703855E-4,,0.0402805091608,0.0200946163509,,0.160829926867,0.00622172201545,,0.329778590966,0.0148591326554,,0.494788130502,0.0179858732629,,0.646904705533,0.0735416805147,,1.02457722042,0.104778011292,,1.24814810954,0.428702923005,,1.19401552854,0.268795944427,,0.646363544791,0.025784974921,,0.404314128786,0.0270814246429,,2.19141654804,0.106922808075,,3.33623790961,0.196024156457,,0.649186093872,0.0213379509618,N,0.511165921656,0.0173053399116,N,,,,,,,,,,,,,,,,,,,79.743087371,5.80209336262,n,88.4823627177,6.25302370502,n,46.3625240211,2.55881900837,,19.9189948852,1.10939415957,,7.00536601994,0.392521654025,
NGC4532,188.5809,6.46756,9.7,IB,1.4,2.511886294,12.27,90.0,2012,998,13.62643364,14.62,2015,27.51228837,11.11731737,11.11731737,NGC4532,188.5809,6.46756,221.849415376,1.85813120035,69.5571444794,,0.0124488871559,5.6483014169E-4,,0.0181476126269,5.00174623214E-4,,0.0331389164847,0.00276392512528,,0.0618914597209,0.00188092222695,,0.0848077807288,0.00280858093171,,0.102176300061,0.0059289778663,,0.0996414899522,0.0098433839736,,0.102786871642,0.0325010706898,,0.139281708263,0.10079361044,,0.150900312852,0.05992530238,,0.0793934629206,0.005541926715,,0.0475427004344,0.0146896678903,,0.26142051319,0.0158751364846,,0.781856876044,0.0511598070973,,0.082140374828,0.00353294284096,n,0.0493415892323,0.00262821756633,,0.0428004577536,0.00904998475879,n,0.236674358165,0.00900684659513,n,0.82659139557,0.0431617808636,N,10.0483800313,1.04189988131,N,14.4157556304,-1.72989067565,N,,,,19.0927024403,1.84280454668,,15.9505111626,1.54445517807,,7.46841935408,0.439590393106,,3.39477874071,0.253489047159,,1.35063290336,0.0997036678006,
NGC4565,189.08655,25.98719,3.3,Sb,2.22,16.59587017,10.06,90.0,1230,1983,27.07536865,12.09,1226,16.73948662,12.0781322,12.0781322,NGC4565,189.08655,25.98719,1003.81684081,7.63252900173,46.0507064817,,0.00977729801679,4.4051625238E-4,,0.0164038158207,7.13833050179E-4,,0.13052678468,0.0617568424888,,0.389270645447,0.036331188153,,0.772215124945,0.0356089704338,,1.13356024253,0.111979008808,,1.47763513077,0.0128762535982,,2.46942635251,0.290505745421,,3.06518451067,0.198789663652,,3.02122123665,0.480524516499,,1.50706517515,0.0454344751731,,0.86189132789,0.0294202549943,,1.57458441161,0.0802221580283,,1.78635265256,0.101509580181,,1.45412950164,0.0437869311039,N,0.9590990889,0.0288606298939,N,1.03695761727,0.0318024457459,N,1.81289653525,0.0547746199543,n,1.12959537268,0.0567955909242,n,20.5773374493,2.06195341395,N,93.1835858406,11.1865583129,n,,,,,,,,,,60.3177228629,3.32311774398,n,30.7876961203,1.70351458856,n,12.652278744,0.701131722356,n
NGC4586,189.6183,4.31902,1.2,Sa,1.54,3.4673682,12.59,86.2,794,990,13.51720371,16.3,785,10.71818678,13.06171416,13.06171416,NGC4586,189.6183,4.31902,271.020277618,3.13244659276,23.9989036823,,5.5234464957E-4,6.0972442463E-4,,0.00114567613211,8.587470868E-5,,0.0126282721884,0.00297988409443,,0.0553216447845,0.00256478547843,,0.108180594076,0.00187984921511,,0.162922544776,0.00407371505296,,0.196937625218,0.0149275743709,,0.302241614794,0.0608595197045,,0.36980468864,0.040215495419,,0.311634165407,0.0771646091594,,0.131272218756,0.00439754718683,,0.0694050929489,0.00480218103233,,0.0704792071519,0.00897201322882,,0.0483717977323,0.01654330404,,0.121059791415,0.00372801889528,N,0.0783445697546,0.00238373117438,N,,,,,,,,,,,,,,,,,,,1.0383917733,1.01118368495,,2.78649991998,0.704022753396,,2.18890519083,0.15271239475,n,1.00336894096,0.196819127312,n,0.433164933715,0.0385328167628,n
NGC4592,189.82815,-0.53196,8.0,Sd,1.61,4.073802912,12.57,90.0,1069,1057,14.43200437,11.63,1068,14.58219552,11.64125989,11.64125989,NGC4592,189.82815,-0.53196,417.960029687,3.41411426823,3.37574087822,,0.0142300597241,6.42480627471E-4,,0.0169169506686,4.60990196321E-4,,0.0268577278978,4.62333747464E-4,,0.0627622929653,6.17164119296E-4,,0.0886683217754,8.53880602997E-4,,0.0979582695014,0.00150511829021,,0.0946352588198,0.00201201637712,,0.128000392835,0.00817793057177,a,0.133864685989,0.0310782308253,A,0.0376833332376,0.0193171464538,a,0.0545168941079,0.00219157389046,,0.0254392496626,0.00208449404325,,0.101180549539,0.00743364375558,,0.151007560155,0.0222763772807,,0.0601045442809,0.00213540245908,N,0.041027994404,0.00281325167544,N,0.0363540523322,0.0047728672899,N,0.112903429942,0.00401859933051,N,0.146995018777,0.00922428521886,N,,,,,,,,,,5.06808320825,1.60107709513,n,5.37774906685,1.76920098707,n,4.64861278054,0.300890969974,,2.72047947979,0.1931384934,,1.47165935913,0.132816871899,
NGC4607,190.3014,11.88627,4.0,SBbc,1.46,2.884031756,13.74,90.0,2270,1014,13.8448935,17.78,2248,30.69361005,19.95263191,19.95263191,NGC4607,190.3014,11.88627,191.970315755,2.31434192628,90.3954688947,,2.99633796995E-4,4.50455696632E-5,,7.03606169951E-4,5.14516256132E-5,,0.00627851130917,8.4448905983E-4,,0.0187412112771,8.99289389302E-4,,0.0356079114606,0.00150227167862,,0.0524397931958,0.00205071934554,,0.0622401114124,0.0064655630568,,0.105714723263,0.0290316799509,,0.207645068403,0.0735715033991,,0.150095006706,0.0534761307112,,0.0639749642086,0.00304536462957,,0.0458697785467,0.0037490183437,,0.198726905458,0.0135840405241,,0.303307043564,0.0225860350892,,0.065440665114,0.0021935558633,,0.0472968339444,0.00180024555575,,0.0856408124766,0.00784670087409,,0.233442521481,0.00755878743958,,0.268979785239,0.0138217471722,,4.29309174766,0.433243490117,,9.46694601349,1.16001320342,,,,,8.73077895253,0.797960974557,,10.3600031884,0.937550077401,,5.47392551855,0.352303863724,,2.31785326899,0.171783044401,,0.854823818979,0.107323411648,
NGC4631,190.53285,32.54239,6.6,SBcd,2.16,14.45440056,9.47,90.0,606,553,7.550518842,5.69,616,8.410704533,7.345141649,7.345141649,NGC4631,190.53285,32.54239,904.377601652,2.80897730995,-6.9242694836,c,0.104323232831,0.00469646540948,c,0.131987682435,0.00357133679951,c,0.229762393022,0.00573237004949,c,0.659064199228,0.00842575546302,c,0.923109816153,0.00989887129669,c,1.12055185052,0.0115306313549,c,1.2576612014,0.0391311040287,c,2.00512124379,0.0835911160521,c,3.13243190138,0.19739588252,c,2.72399363165,0.147644375519,c,1.20252012291,0.0354156976264,c,0.783964141588,0.0275724558296,c,5.37067688909,0.247584631006,c,9.00804547563,0.506996296471,c,1.25709912932,0.0418127173703,cN,0.917289744317,0.0295263370999,cN,2.14526903139,0.0710161811683,cN,5.68918248019,0.171035571045,acN,6.96190144281,0.3586379567,acn,119.237494792,11.9507351798,acn,233.794895555,28.0885551391,cn,143.789811626,10.2535004707,,241.514865482,17.87753944,,254.939664586,17.8894822193,,119.555387137,6.61761427896,c,53.7234984452,2.99167509947,c,19.9978257043,1.14505104196,c
NGC4656,190.9896,32.17016,9.0,SBm,1.81,6.45654144,9.82,90.0,646,599,8.178590934,5.5,604,8.24685964,5.248077829,5.248077829,NGC4656,190.9896,32.17016,710.578874474,4.39486767699,126.567118011,,0.0863638555038,0.0039045471286,,0.0899488413473,0.00244202625396,,0.102599546684,0.0162282546673,,0.190346568035,0.0127830355257,,0.208306988426,0.0208906550061,,0.22055567422,0.0316228416492,,0.155860920754,0.112924968095,,0.270758963348,0.472574775315,,0.195052532597,0.241801608359,,0.181665144342,0.51576379793,,0.0921409757691,0.00741363671152,,0.061786106567,0.0108756802314,,0.120733258852,0.0111218130377,,0.487985152633,0.0858340371955,,0.106235209007,0.00381605679646,n,0.0914699119056,0.00442070440301,n,0.0234500816701,0.0165249614684,n,0.0895955022791,0.00646252005854,n,0.330543855265,0.0199830785096,a,,,,,,,,,,9.04433127276,2.24936758475,,16.3345903317,3.55542779311,N,6.59304863756,0.44604052966,,5.19762144886,0.778465674019,,1.25869068616,0.135883874923,
NGC4758,193.1847,15.84656,9.1,SBm,1.44,2.754229066,13.57,90.0,1243,1023,13.96777717,14.44,1242,16.95794648,13.48963238,13.48963238,NGC4758,193.1847,15.84656,198.319591385,2.55680354155,64.8887899058,,0.00144352076801,1.15691362436E-4,,0.00161349427428,6.46380980231E-5,,0.00795056946227,0.00149625430756,,0.0219380116913,0.0015985238672,,0.0377081352766,0.00159128097246,,0.0496439925493,0.00314780368185,,0.0595758496706,0.00539519048018,,0.0812416032338,0.0164696232612,,0.135427037379,0.0643759480342,,0.0768028487999,0.0254943513279,,0.0415918124552,0.00191146754756,,0.0262335202845,0.00191676703731,,0.0689394234328,0.0072435221869,,0.104656147826,0.0129480289423,,0.0371903896403,0.00170370634877,n,0.0255048837669,0.00111558384707,N,,,,,,,,,,,,,,,,,,,3.3170963925,0.604269565371,,2.89193023416,0.568073094664,,2.83101929659,0.23713351579,,1.50999545865,0.130801227678,,0.670623646992,0.062563977841,
NGC4845,194.505,1.57587,2.3,Sab,1.74,5.495408859,12.14,90.0,1232,1813,24.75423266,19.5,1106,15.10103768,18.53532161,18.53532161,NGC4845,194.505,1.57587,290.167252789,3.44328830349,-10.3637395865,,0.00116624759642,8.1995128035E-5,,0.00138233471063,1.31026853075E-4,,0.0196756301114,0.00317109006134,,0.0894188221335,0.00181960498097,,0.184040743664,0.00314453228802,,0.274710670421,0.00646425198915,,0.347838192742,0.0273341926991,,0.496740796116,0.0366674769635,,0.555473961345,0.0992472567826,A,0.493970961657,0.0825832550402,,0.288619033641,0.00962495789842,,0.167580594555,0.00706416345843,,0.328531931057,0.0422579740194,,0.559834018339,0.0838261525821,,0.267526999974,0.00807764110492,,0.182433153867,0.00554943513886,,,,,,,,,,,,,,,,,,,,23.1986252578,1.76739645041,n,28.0101475017,2.06053057575,n,12.8702896212,0.714829100542,,5.55414338487,0.317299135241,,1.91895030424,0.110913942951,
NGC5023,198.04905,44.03806,5.9,Sc,1.79,6.165949477,12.81,90.0,407,524,7.15456035,9.5,407,5.557072638,6.576575947,6.576575947,NGC5023,198.04905,44.03806,342.619652565,4.23915026418,115.05088138,,0.00489898924502,2.36851056088E-4,,0.00733236180114,2.19815926838E-4,,0.0184413694867,0.00273274551641,,0.0425502641874,0.00350237166452,,0.0621792429767,0.00292935971988,,0.0752500385536,0.00530155125456,,0.0709567184801,0.00754012406232,,0.052692387179,0.0373433120306,,0.0468542335901,0.0862812335987,,0.00848329997449,0.0710718075539,,0.0439136266375,0.00320883639686,,0.0209967077031,0.00305842238726,,0.0269097635642,0.00999334672938,,0.0374984016546,0.0185561391653,,0.0452333168176,0.00180220707475,n,0.0307822587776,0.00129395077137,n,0.0164741276982,0.00315992675274,n,0.0234792576824,0.00150530634593,n,0.0542296376846,0.0117528840455,,,,,,,,,,,2.60753343388,0.552148714301,,2.46559654882,0.455452482194,,1.65320268398,0.274266459575,,1.09917445992,0.212678502272,,0.522135259815,0.131260087511,
NGC5290,206.32965,41.71242,4.0,Sbc,1.51,3.235936498,13.29,80.5,2573,3136,42.81813217,35.01,2560,34.95357728,32.96098077,32.96098077,NGC5290,206.32965,41.71242,199.716596972,2.21275717595,-2.44253856424,,0.00119067294525,1.646421613E-4,,0.00126041347036,7.74504083691E-5,,0.00965352303906,7.58174121787E-4,,0.04051763315,9.55891558374E-4,,0.0827863312976,0.00108992122336,,0.126242964596,0.0021018167404,,0.163126818875,0.00619661203629,,0.264651946391,0.0196214840819,,0.308127472328,0.0710481869215,,0.274751093374,0.0309573906083,,0.155242887221,0.00479490092756,,0.0971101850832,0.00353469876474,,0.204262723025,0.00988728616651,,0.224114914458,0.0161370696998,,0.150865878904,0.00460222629726,,0.104577709457,0.00322369594831,,,,,,,,,,,,,,,,,1.56802783333,0.621007418656,N,,,,6.37612262552,2.1579674687,N,5.23977391589,0.317905803347,,2.325728318,0.13873674762,,0.791151953316,0.0656786301884,
NGC5301,206.60265,46.10725,4.7,SBc,1.6,3.981071924,13.34,90.0,1503,2071,28.27689787,23.01,1506,20.56253413,20.89296957,20.89296957,NGC5301,206.60265,46.10725,245.290019919,2.89218337959,56.6606334526,,0.00250688635053,1.1949600462E-4,,0.00427563709313,1.24525287931E-4,,0.0147616130209,0.00109646660266,,0.0463639328581,8.75882389292E-4,,0.0806090697495,0.00126477707269,,0.122258405651,0.00211003373189,,0.141869930256,0.00919397162948,,0.190395303033,0.0250297763427,,0.201500554358,0.0652721024761,,0.174315814042,0.0316162302326,,0.10630800826,0.00339312498829,,0.0651444864369,0.00334989675784,,0.244401300647,0.0128474773129,,0.303859734118,0.0234883198349,,0.105888432231,0.00335317313692,,0.0727183695695,0.00226194543702,,,,,,,,,,,,,,,,,,,,9.25565478242,0.879855711036,,13.3563586107,1.07661518119,,7.83868512422,0.459651565202,,3.81374608886,0.251544120429,,1.54621515781,0.123686509865,
NGC5348,208.5468,5.22723,3.8,SBbc,1.59,3.890451749,14.18,90.0,1451,1930,26.35172037,19.04,1451,19.81157837,15.92209245,15.92209245,NGC5348,208.5468,5.22723,203.983448215,2.56099799796,83.9181304399,,0.00140664810824,7.76076659052E-5,,0.00203148255249,8.14848774281E-5,,0.00503986498563,0.0014926212346,,0.0153829127829,0.00121335328452,,0.0254710823947,0.00147333569716,,0.0331284491861,0.00394573777003,,0.0355927911875,0.00491836580792,,0.0491216943872,0.0149173629918,,0.0512971779973,0.0286864046827,,0.0209644446575,0.046545623357,,0.023837759978,0.00153723602385,,0.0138879923361,0.00200228129062,,0.0276936165993,0.00501542726417,,0.052154085799,0.0121764492022,,0.0218081386477,0.00111614890781,,0.0142761251645,9.01321836374E-4,,,,,,,,,,,,,,,,,,,,1.3996948331,0.488375824814,,1.86184550799,0.578529150535,,1.48076210428,0.179104660963,,0.902146081178,0.157426780957,,0.428194304738,0.0808622400244,
NGC5356,208.74345,5.33361,3.8,SABb,1.45,2.818383241,13.63,90.0,1374,1856,25.34134353,25.54,1372,18.73293282,19.49844428,19.49844428,NGC5356,208.74345,5.33361,217.81945617,2.81010189773,107.172456593,,4.5565701096E-4,4.09937509348E-5,,0.00102473094988,6.1550944108E-5,,0.00861189467068,0.00222944844004,,0.0275239139367,0.00101900031236,,0.0527483171778,0.00146845789214,,0.0805935043938,0.00336070025833,,0.0979123032667,0.00502792889698,,0.158115083684,0.01973988811,,0.172596416468,0.0367428204143,,0.181002277462,0.0353883133591,,0.0692147907061,0.00268338596523,,0.0400266718669,0.00219206819246,,0.0998065799014,0.00684840951432,,0.0965683056639,0.0136429473291,,0.0667701255426,0.00215700156955,N,0.0450856713875,0.00158923878297,N,,,,,,,,,,,,,,,,,,,3.65651123343,0.52671707485,,5.1565542556,0.737489221471,,3.83316024458,0.250121320376,,1.86971676896,0.166850994982,,0.707982671023,0.107940492531,
NGC5496,212.90865,-1.16048,6.5,SBcd,1.43,2.691534479,13.52,82.0,1541,1907,26.03768433,23.63,1543,21.06772256,22.59436247,22.59436247,NGC5496,212.90865,-1.16048,275.625007567,3.534968164,82.6531035088,,0.00535989729721,2.53097009392E-4,,0.00823155798652,2.56152384196E-4,,0.0152876219901,0.00143324747275,,0.0332778872254,6.23210996706E-4,,0.0452315854039,0.00197728371149,,0.0561545585114,0.00251849335961,,0.0609900249609,0.00437115489291,,0.0884977870038,0.0389481065516,,0.110598253793,0.0524283495579,,0.0691386282037,0.0661862154097,,0.0390666141625,0.00219791893864,,0.036920012957,0.00705025915546,,0.045864216429,0.0113759232631,,0.0431770773112,0.0331183833467,,0.0321840895383,0.00122255815254,N,0.0231446604485,0.00111982280336,N,,,,,,,,,,,,,,,,,,,3.97582443167,1.38372603432,,2.89746394987,1.31028433735,,2.39785630618,0.301555708795,,1.2830337147,0.195142339146,,0.577765677437,0.116947826381,
NGC5506,213.31185,-3.20762,1.2,Sa,1.46,2.884031756,12.81,90.0,1853,2187,29.86073184,23.83,1819,24.83615511,,23.83,NGC5506,213.31185,-3.20762,173.072332093,1.83441486863,-5.14193713884,,5.98886397403E-4,7.49339374576E-5,,0.00127061069664,7.38987851408E-5,,0.010044684964,0.00139697218879,,0.0432709568194,0.00234835941444,,0.0844136765506,0.00273872707193,,0.121317600942,0.00458492499626,,0.149343092068,0.00850002496782,,0.236531709408,0.0256608387015,,0.372783446544,0.0560206804255,,0.386102326254,0.0446972768213,,0.341475738572,0.0101771931646,,0.500712203304,0.0174396732097,,1.12255935288,0.0520989169826,,3.34224353065,0.188199239468,,0.190718001584,0.00618839031098,An,0.232715585235,0.00704045814269,An,,,,,,,3.30441636679,0.166304670218,,,,,,,,,,,,,,,,,3.11960422325,0.22659222417,,1.29315185086,0.131827140472,,0.460677317756,0.0829979691982,
NGC5529,213.89205,36.22674,5.2,Sc,1.76,5.754399247,12.77,90.0,2875,3457,47.20098307,44.13,2878,39.29546696,44.46315135,44.46315135,NGC5529,213.89205,36.22674,368.024235545,4.97486278969,23.4680577545,,0.00215949194743,3.11481036133E-4,,0.00232169823689,1.50954989332E-4,,0.0106797499963,0.00147015007395,c,0.037599851502,0.00162160695539,c,0.0749227428526,0.00269271164287,c,0.119207776648,0.00933072374919,c,0.151457886892,0.011248080737,c,0.244090455831,0.0252556245766,,0.268960991735,0.0655430477467,,0.265838931588,0.0455191200564,,0.155382044285,0.00545435422218,,0.0909036598627,0.00445260586813,,0.241501945045,0.0133242968723,,0.267472809718,0.0252222050898,,0.155732348415,0.0048098919328,,0.105773815272,0.00335541743513,,,,,,,,,,,,,,,,,,,,8.93869230067,0.76965761188,n,12.4032868867,0.969905123146,n,9.15884836758,0.581166317848,,4.66582932943,0.405705727236,,1.86914135018,0.154128329622,
NGC5560,215.0205,3.99192,3.0,SBb,1.54,3.4673682,13.18,90.0,1729,2163,29.53304205,20.57,1731,23.63462589,,20.57,NGC5560,215.0205,3.99192,234.418439781,3.06481058994,27.3533296574,,0.00137612144755,7.55768453675E-5,,0.00226668738657,1.18776708091E-4,,0.00340563855606,0.0023736856763,,0.0165577840085,9.601463469E-4,,0.0394260907439,0.0015555407191,,0.0468110281063,0.00304809425688,,0.0398060852411,0.0134922471559,,0.0107034687757,0.0267208527058,,0.029221099888,0.0602838787173,,0.0511894772367,0.0333213407179,,0.0678244731399,0.00278367693193,,0.0364356148949,0.00284600944803,,0.121639556481,0.00852994023402,,0.183840184084,0.0156958335898,,0.0293227873037,0.00201664182355,N,0.0419595549151,0.00452907963001,,,,,,,,,,,,,,,,,,,,5.34913540271,0.748337736982,,5.4496601672,0.751076154579,,2.97310280404,0.226500139138,,1.21098168722,0.180329075908,,0.323894883223,0.0868299945002,
NGC5577,215.3046,3.43581,3.8,Sbc,1.46,2.884031756,13.54,84.2,1489,1915,26.14691425,23.23,1489,20.33042054,19.23091374,19.23091374,NGC5577,215.3046,3.43581,160.728598837,2.05703600622,-33.3527500525,,0.0019758064725,9.53927526766E-5,,0.00308281759461,1.07673875978E-4,,0.0106587285034,7.36485343639E-4,,0.0304000309505,6.52530441588E-4,,0.0502563395698,9.31881703488E-4,,0.0661803435564,0.0025319420245,,0.0747146510698,0.00518358806942,,0.106812783203,0.0106723474642,,0.111245213496,0.025992524824,,0.0956080652932,0.0185865158757,,0.0482516899358,0.00182173801502,,0.0284322146869,0.00251803769663,,0.0766367461698,0.00593128494793,,0.0744689821806,0.0141026079591,,0.0454567195924,0.00182327160377,n,0.0294111484568,0.00186302278862,N,,,,0.0895609692466,0.0028992633136,N,0.0827070711142,0.00576822424824,n,,,,,,,,,,2.43483307069,0.489408692091,,3.32901280252,0.622289633981,,3.02908698255,0.189226344555,,1.58966674632,0.121331772161,,0.657263643132,0.0738687984492,
NGC5689,218.8737,48.74147,0.4,S0-a,1.56,3.630780069,12.74,90.0,2160,2710,37.00163845,35.6,2168,29.60131076,,35.6,NGC5689,218.8737,48.74147,223.903960844,2.84520144869,-4.76367067164,,2.36253381404E-4,4.63615410721E-5,,6.8597321411E-4,7.08078630998E-5,,0.0120342706328,0.00210881100413,,0.0554436478883,7.19097168691E-4,,0.112864801311,0.00130904296231,,0.167251924078,0.00298772764356,,0.208381160808,0.00895437923066,,0.324922004635,0.0379176132552,,0.375750805782,0.10580837544,,0.332383034481,0.0753082955446,,0.147713968259,0.00467429883515,,0.0807645098195,0.00343755472172,,0.0474278595347,0.00533370310077,,0.0291794601434,0.0111641592462,,0.142349787481,0.00456051749942,n,0.0903125962005,0.00282969050779,n,0.0636565775218,0.00281489016225,n,0.0492462328195,0.00219183442295,n,0.0295841920452,0.00342656862864,n,,,,,,,,,,,,,,,,0.984883165265,0.289858761637,,0.427282175082,0.158154287875,,0.0566481825848,0.112456534946,
NGC5746,221.23335,1.95472,3.0,SABb,1.86,7.244359839,11.34,90.0,1724,2133,29.12342982,29.79,1708,23.32058984,27.03959362,27.03959362,NGC5746,221.23335,1.95472,388.606868921,7.51703346043,79.9895980384,,,,,,,,0.0278926588363,0.00509335568955,,0.13792809557,0.00330811132641,,0.308600311975,0.00541774466612,,0.493846747321,0.00607941001465,,0.651146967919,0.0117474792634,,1.12430588496,0.0406658243157,,1.39761809122,0.0944037688702,,1.1807908494,0.0463064428676,,0.607840749143,0.0178066530259,,0.340574023048,0.0120314268573,,0.441877434979,0.0217167650376,,0.419145532715,0.0256180616309,,0.569318536632,0.0170946645532,N,0.393643006696,0.011831391966,N,0.324830574412,0.00979971350513,N,0.493807190994,0.0149006580579,N,0.408078518836,0.0333768736852,,,,,,,,,,,14.5307874262,2.14806148928,,26.4227991169,2.36316426045,,18.1615900937,1.04271002734,,8.83834502914,0.521812385044,,3.50395922808,0.215010179486,
NGC5777,222.8244,58.97809,3.2,Sb,1.47,2.951209421,14.17,90.0,2145,2649,36.16876024,44.49,2148,29.32823594,42.85484903,42.85484903,NGC5777,222.8244,58.97809,171.411113354,2.23717789597,58.5515761662,,8.17856458723E-4,2.11282417778E-4,,0.00132768804647,9.02218143592E-5,,0.00458725328122,9.1295792553E-4,,0.0193859052277,0.00110700350226,,0.0377637854384,0.00164427101904,,0.0564528850087,0.00294288963552,,0.0709452360025,0.00634541048744,,0.117246972505,0.0161570018668,,0.174356739449,0.0681324782761,,0.145358715871,0.0367250203284,,0.0790206587049,0.0026113839642,,0.045408677663,0.00202145100436,,0.126773385121,0.00638819614989,,0.160855670923,0.0104142501235,,0.0733666015732,0.00278205287479,n,0.0491774648799,0.00193571128517,n,,,,,,,,,,,,,,,,,,,,,,,,,3.44735153957,0.229731076339,,1.65003192667,0.147140705028,,0.6158808064,0.0876669620749,
NGC5907,228.9735,56.32891,5.3,SABc,2.05,11.22018331,11.06,90.0,667,1121,15.3058438,15.91,667,9.10704533,17.21868817,17.21868817,NGC5907,228.9735,56.32891,564.373619238,5.69838174351,63.8774323997,,0.00861228509897,0.00114069603291,,0.0128447038945,7.06780928025E-4,,0.0480894789024,0.0121837707167,,0.177618040667,0.00583503806257,,0.342158101291,0.0126737999933,,0.506078382842,0.0158603529968,,0.682257297021,0.0320710851233,,1.12800742149,0.104993610482,,1.59857923742,0.137365154413,,1.47755363821,0.21479185527,,0.780098502174,0.023057432636,,0.474230448803,0.0164784844433,,1.64751910213,0.0799976395362,,1.92154018836,0.114515933034,,0.776641306067,0.023339690047,n,0.533954192439,0.0160490943302,n,0.808946167545,0.0284030482337,an,1.75728595009,0.0533790733655,an,1.76091647416,0.088167616332,,,,,,,,,,,63.1677688368,4.46430564892,n,93.3217022452,6.55138677283,n,55.6491630358,3.06225350393,,25.8140801112,1.42311060616,,10.1900349699,0.562535723019,
NGC6814,295.6692,-10.3237,4.0,SABb,1.49,3.0902955,12.1,85.6,1563,1872,25.55980339,22.8,1563,21.34079738,,22.8,NGC6814,295.6692,-10.3237,188.545366381,1.08082244779,-36.6319067628,,0.0153749080316,8.29974922481E-4,,0.0193991167909,6.77015251851E-4,,,,,,,,,,,,,,,,,0.773008024026,0.0752432549951,,0.91703482404,0.17700397139,,0.735186085577,0.0677846940913,,0.468237212771,0.171098901239,,0.240136516948,0.0113533766866,,0.697846024527,0.0420641995877,,0.949346118258,0.0608566071644,,,,,0.282853996158,0.011764658486,N,0.256244089831,0.0143380723382,N,0.631208155101,0.0207554149139,N,0.76954372428,0.0499968722549,N,,,,,,,4.14065015271,0.305545811652,N,,,,-0.703563576028,0.049249450322,NA,14.4771911674,0.835730775333,,6.56404982478,0.426130049554,,2.71162796987,0.172151827346,
NGC7090,324.12045,-54.55761,5.0,Sc,1.91,8.128304537,11.31,90.0,847,840,11.46914255,8.23,851,11.6193337,9.50604109,9.50604109,NGC7090,324.12045,-54.55761,425.003018075,4.16548863735,37.0398282459,,0.00772576127378,3.81452055649E-4,,0.0139308084719,4.10235747387E-4,,,,,,,,,,,,,,,,,0.428899738343,0.136736523307,,0.469907720134,0.180300699713,,0.312608156974,0.148808628548,,0.21998984289,0.00860656386929,,0.130597011274,0.00696767992123,,0.468621497759,0.0288668500308,,0.685392269361,0.0566363938609,,0.213743141673,0.00681352616794,n,0.144525266833,0.00533235959878,n,0.192150099343,0.00687644088031,n,0.46151689491,0.0144458349575,n,0.670413965886,0.0343959495319,,,,,,,,,,,22.2542761465,1.69451717552,n,26.6843098626,1.95976332164,n,14.5321837403,0.814747526471,,7.77772489332,0.436102433792,,3.38489748502,0.199053832033,
NGC7721,354.70215,-6.51798,4.9,Sc,1.49,3.0902955,12.25,81.4,2015,2052,28.01747679,21.88,2014,27.49863463,31.7687301,31.7687301,NGC7721,354.70215,-6.51798,223.153667219,2.81701888803,107.779989101,,0.00605931738126,2.74863091472E-4,,0.00877947913916,2.44182706237E-4,,0.0265525937359,0.00349485538929,,0.0642979423894,6.82320690456E-4,,0.105440769167,0.00157094425828,,0.142128386096,0.00500051611443,,0.160562499002,0.00545576402816,,0.228658316848,0.0126540424451,,0.255616442017,0.0481595182872,,0.209189538517,0.0206064846927,,0.122376948132,0.00398797173724,,0.0755691052587,0.00360852306031,,0.364973502374,0.01747840451,,0.456348782286,0.0298293124845,,0.125617456709,0.00401577002444,n,0.084314651296,0.00271598409471,n,0.173448416041,0.00547279496551,n,0.414734032293,0.0128862896368,n,0.50241356655,0.0333866127679,n,,,,,,,,,,,,,,,,10.263336724,0.601878539067,,4.78733094762,0.296477557022,,1.90906771078,0.126479952041,
PGC044532,194.7576,34.86082,8.9,Sm,1.58,3.801894339,12.86,90.0,835,1103,15.06007646,10.66,837,11.42818132,9.954057496,9.954057496,PGC044532,194.7576,34.86082,235.741752543,1.74165938605,111.337468072,,0.015484997807,6.98780730707E-4,,0.0156086220719,4.46499311326E-4,,0.0241616415994,0.00346835711961,,0.0402244508385,0.00198628910811,,0.0470945706212,0.00508192329347,,0.0468556463156,0.00897169563066,,0.0449759180156,0.00321586445972,,0.0307419022612,0.0369489460485,,-0.134635285149,0.118144031857,a,-0.0328724358999,0.0427292022472,,0.0297532722431,0.00434859753123,,0.0064038353718,0.00420560727794,,0.0190916472628,0.00806133341904,,0.369489889129,0.0260839666333,,0.0246052282189,0.00638502296137,N,0.0183333067731,0.00149196122622,N,-0.144252288881,0.0152019490356,aNA,-0.0495805603988,0.00463777595804,NA,0.0397675632732,0.0094139114683,n,1.61156215867,-0.161156215867,N,2.48252610161,-0.297903132193,N,3.56653140516,1.14746093131,,1.10965049183,0.920201555655,,2.85081536507,0.677771918591,,1.1706398147,0.266875977224,,0.660829907391,0.214404479078,,0.302478998272,0.133547516577,
UGC07089,181.49115,43.14402,7.9,Sd,1.48,3.019951853,14.13,90.0,770,1054,14.39104315,12.96,774,10.56799563,11.6949896,11.6949896,UGC07089,181.49115,43.14402,213.008950707,2.68858224334,125.392181939,,0.00158003725602,2.25591428641E-4,,0.00239834067799,1.34133336486E-4,,0.00697515349662,0.00136409344449,,0.0174964264865,0.00107807404156,,0.0256233686734,0.00167161583627,,0.0320714980784,0.00280104198313,,0.0374536033155,0.0051161367111,,0.0430569124914,0.0195968062514,,0.034566681074,0.0648041971249,,0.0289672725212,0.0355541997638,,0.0168671630998,0.00184850012599,,0.0101817067867,0.00254150665917,,0.0125175884741,0.00674966778445,,0.0216359359379,0.0120287803276,,0.0180404148937,0.00116348565692,N,0.0125399445621,8.30145904823E-4,N,,,,,,,,,,,,,,,,,,,,,,,,,1.15752997616,0.278696988915,,0.783813383911,0.159482238673,,0.419777784615,0.10930222228,
UGC07321,184.3914,22.54026,6.6,Scd,1.68,4.786300345,14.09,90.0,408,264,3.604587657,17.88,412,5.625341344,23.33458226,23.33458226,UGC07321,184.3914,22.54026,267.973216955,3.52447010841,-4.28711367945,,0.00152952253306,8.59583800415E-5,,0.00254737670961,1.06746808854E-4,,0.00677358236789,0.00300798846315,,0.0170495285888,0.00211367536664,,0.0259672736577,0.00252079473903,,0.0333020063061,0.0026217218985,,0.037342215087,0.00780782032115,,0.0519127753826,0.0272810378453,,0.11151986416,0.0705320865581,,0.0545587874572,0.0261790441722,,0.0234630991577,0.00299364382096,,0.0152389105442,0.0031624565359,,0.024694523601,0.00425416430006,,0.0306261079147,0.0173006564955,,0.0256261555244,0.00118070277802,n,0.0179347870746,8.63526400286E-4,n,0.0169533654675,0.00137455293678,n,0.0316488702809,0.00146449513092,n,0.0379382822405,0.00319331875443,n,,,,,,,,,,1.13428611686,0.44263426322,,1.46044110933,0.333075478434,,1.62711592302,0.278798658798,,1.09879565946,0.0830235107143,,0.45928183984,0.0427604822272,
UGC07522,186.49395,3.42937,5.8,Sc,1.42,2.630267732,14.52,90.0,1426,989,13.50354997,40.91,1419,19.37465866,35.48135451,35.48135451,UGC07522,186.49395,3.42937,135.453447434,1.75538996016,36.3544253422,,5.73460056644E-4,4.719821314E-5,,5.23265263723E-4,4.68870553644E-5,,0.00313396399092,5.53889698373E-4,,0.0111854006141,4.40636852948E-4,,0.0218033088134,8.42639598944E-4,,0.0329194677554,6.96795572966E-4,,0.0389947197989,0.00240577257987,,0.0580884137618,0.0112412879011,,0.0391969633477,0.0286259528575,,0.0617381342119,0.0165066303589,,0.0449780255885,0.00376039283607,,0.0281502780365,0.00271237768645,,0.0537772364715,0.00903981773381,,0.0748102037407,0.0173802499133,,0.0449235761526,0.00178338038774,n,0.0305707707972,0.0012816186106,n,,,,,,,,,,,,,,,,,,,3.13030889642,0.58958773084,,3.52742707193,0.555132607357,,2.57311779388,0.180489691993,,1.39797212249,0.117566436011,,0.637872327072,0.0648350766674,
UGC07982,192.4593,2.85209,4.7,Sc,1.46,2.884031756,14.04,81.6,1155,1706,23.29328236,19.98,1155,15.770071,19.23091374,19.23091374,UGC07982,192.4593,2.85209,190.608397982,2.44827058505,90.2156672588,,4.99593875674E-4,3.81640232114E-5,,8.91262964548E-4,7.19574575858E-5,,0.00450344595393,8.19176458349E-4,,0.0176659935821,6.45388939152E-4,,0.0309678322541,7.69948467896E-4,,0.0445006881449,0.00180995464384,,0.0510592551974,0.00347276706828,,0.0691640122208,0.0153770526673,,0.122924271676,0.0473242015711,,0.0615152095039,0.0279016149173,,0.0357859135129,0.00247555275087,,0.0179865001436,0.00307468749188,,0.0729674810349,0.0855741704109,,0.0336592287428,0.134462313063,,0.0370171597021,0.00163289892073,n,0.02480572347,0.00108090206508,n,,,,,,,,,,,,,,,,,,,0.935575859487,0.509803256739,,1.83263474174,0.510341508828,,1.77468740182,0.204115757226,,0.910963794485,0.148238368878,,0.33354386548,0.0785114539678,
UGC08032,193.68405,13.2371,2.0,Sab,1.43,2.691534479,14.3,90.0,1113,1016,13.87220098,,1119,15.27853632,,13.87220098,UGC08032,193.68405,13.2371,157.665306897,2.02868847687,77.6933505356,,6.65682060352E-4,6.38686969181E-5,,3.11147925023E-4,3.68600710382E-5,,0.00326421614211,0.00108094207081,,0.013633918961,6.7318104325E-4,,0.0255102034552,9.678231091E-4,,0.0365847053117,0.00168197055607,,0.0458931614786,0.00313827210584,,0.0566188181112,0.01367853424,,0.0784731192494,0.0412387455664,,0.0566794540562,0.0235306510609,,0.0278799227852,0.00166547995068,,0.0182163196328,0.00267129586506,,0.0286725742862,0.0043051059263,,0.0358733249731,0.0106547206376,,,,,,,,,,,,,,,,,,,,,,,,,,1.30984723119,0.520749080308,,1.03006473148,0.490680718828,,0.903319382503,0.155024609141,,0.404454435869,0.121920992135,,0.147754619716,0.064032947795,
UGC09242,216.3378,39.53941,6.6,Scd,1.62,4.16869388,14.12,90.0,1462,2043,27.89459312,20.48,1466,20.01638449,24.32204885,24.32204885,UGC09242,216.3378,39.53941,268.002790415,5.35231466144,-19.4103250639,,0.002362092509,1.11303585805E-4,,0.00275157705664,8.92620459747E-5,,0.00596471763967,0.00173392694079,,0.0129523990355,9.1260720421E-4,,0.0169081753033,0.00160220266412,,0.0211252403432,0.00228278352935,,0.0238870450272,0.0046813080508,,0.0204628711342,0.0137165201789,,0.0123984704394,0.0238483569333,,-0.0159479614547,0.0312193833739,,0.010672911156,0.00171876121936,,0.00449918751896,0.00167905823987,,0.0103817298225,0.00234682231449,,0.0171924173441,0.00719661354618,,0.0110922599581,5.53929961234E-4,,0.00787389789745,3.90790356579E-4,,,,,,,,,,,,,,,,,,,,0.355042870442,0.230189597269,,0.934482344891,0.391565869255,,0.502850042384,0.137680052436,,0.281864056541,0.103454464542,,0.104334557588,0.071989272919,
